{
  "swagger" : "2.0",
  "info" : {
    "title" : "IVTRest",
    "version" : "1.0.0",
    "description" : "IVTRest"
  },
  "paths" : {
    "/doiIvt" : {
      "post" : {
        "operationId" : "postDoiIvt",
        "responses" : {
          "200" : {
            "description" : "The operation was successful."
          }
        },
        "consumes" : [ "application/json" ],
        "produces" : [ "application/json" ],
        "description" : "Insert a doiIvt",
        "parameters" : [ {
          "name" : "body",
          "in" : "body",
          "schema" : {
            "$ref" : "#/definitions/ivt"
          },
          "description" : "The request body for the operation",
          "required" : true
        } ]
      }
    }
  },
  "basePath" : "/ivtrest/v1",
  "definitions" : {
    "ivt" : {
      "type" : "object",
      "properties" : {
        "name" : {
          "type" : "string"
        },
        "phone" : {
          "type" : "string"
        },
        "email" : {
          "type" : "string"
        }
      }
    }
  }
}